{"cameraMode":{"drawMode":0,"name":"Shaded","section":"Shading Mode"},"sceneLighting":true,"audioPlay":false,"sceneViewState":{"m_AlwaysRefresh":false,"showFog":true,"showSkybox":true,"showFlares":true,"showImageEffects":true,"showParticleSystems":true,"showVisualEffectGraphs":true,"m_FxEnabled":true},"in2DMode":false,"pivot":{"x":-2.8627610206604006,"y":0.45817795395851138,"z":1.6226050853729249},"rotation":{"x":0.22742019593715669,"y":0.3498019278049469,"z":-0.08794388175010681,"w":0.904559314250946},"size":0.8660253882408142,"orthographic":false}