{"cameraMode":{"drawMode":0,"name":"Shaded","section":"Shading Mode"},"sceneLighting":true,"audioPlay":false,"sceneViewState":{"m_AlwaysRefresh":false,"showFog":true,"showSkybox":true,"showFlares":true,"showImageEffects":true,"showParticleSystems":true,"showVisualEffectGraphs":true,"m_FxEnabled":true},"in2DMode":false,"pivot":{"x":1.1672545671463013,"y":-2.2684240341186525,"z":-0.9591287970542908},"rotation":{"x":0.12459227442741394,"y":0.8476272225379944,"z":-0.2279900461435318,"w":0.46278852224349978},"size":3.0339746475219728,"orthographic":false}