{"cameraMode":{"drawMode":0,"name":"Shaded","section":"Shading Mode"},"sceneLighting":true,"audioPlay":false,"sceneViewState":{"m_AlwaysRefresh":false,"showFog":true,"showSkybox":true,"showFlares":true,"showImageEffects":true,"showParticleSystems":true,"showVisualEffectGraphs":true,"m_FxEnabled":true},"in2DMode":false,"pivot":{"x":-4.796112060546875,"y":-0.3726513683795929,"z":0.36324864625930788},"rotation":{"x":-0.07627090811729431,"y":0.8583091497421265,"z":-0.1336880326271057,"w":-0.4897765517234802},"size":2.0660252571105959,"orthographic":false}