{"cameraMode":{"drawMode":0,"name":"Shaded","section":"Shading Mode"},"sceneLighting":true,"audioPlay":false,"sceneViewState":{"m_AlwaysRefresh":false,"showFog":true,"showSkybox":true,"showFlares":true,"showImageEffects":true,"showParticleSystems":true,"showVisualEffectGraphs":true,"m_FxEnabled":true},"in2DMode":false,"pivot":{"x":-2.862760305404663,"y":0.15925821661949159,"z":1.5833109617233277},"rotation":{"x":-0.06274501979351044,"y":-0.8997246623039246,"z":0.13760598003864289,"w":-0.409559965133667},"size":0.5660253763198853,"orthographic":false}