{"cameraMode":{"drawMode":0,"name":"Shaded","section":"Shading Mode"},"sceneLighting":true,"audioPlay":false,"sceneViewState":{"m_AlwaysRefresh":false,"showFog":true,"showSkybox":true,"showFlares":true,"showImageEffects":true,"showParticleSystems":true,"showVisualEffectGraphs":true,"m_FxEnabled":true},"in2DMode":false,"pivot":{"x":1.1672545671463013,"y":-2.2684240341186525,"z":-0.9591287970542908},"rotation":{"x":0.12845909595489503,"y":0.8261617422103882,"z":-0.20897245407104493,"w":0.5073785185813904},"size":3.0339746475219728,"orthographic":false}