{"cameraMode":{"drawMode":0,"name":"Shaded","section":"Shading Mode"},"sceneLighting":true,"audioPlay":false,"sceneViewState":{"m_AlwaysRefresh":false,"showFog":true,"showSkybox":true,"showFlares":true,"showImageEffects":true,"showParticleSystems":true,"showVisualEffectGraphs":true,"m_FxEnabled":true},"in2DMode":false,"pivot":{"x":-0.6053857207298279,"y":0.44903069734573367,"z":1.2203888893127442},"rotation":{"x":0.06323568522930145,"y":-0.8541553616523743,"z":0.10689976811408997,"w":0.5052198171615601},"size":0.8660253882408142,"orthographic":false}