{"cameraMode":{"drawMode":0,"name":"Shaded","section":"Shading Mode"},"sceneLighting":false,"audioPlay":false,"sceneViewState":{"m_AlwaysRefresh":false,"showFog":true,"showSkybox":false,"showFlares":true,"showImageEffects":true,"showParticleSystems":true,"showVisualEffectGraphs":true,"m_FxEnabled":true},"in2DMode":false,"pivot":{"x":-1.8548612594604493,"y":0.30955079197883608,"z":2.4368462562561037},"rotation":{"x":-0.08142992109060288,"y":0.6288623809814453,"z":-0.06647161394357681,"w":-0.770387589931488},"size":0.5353270769119263,"orthographic":false}