{"cameraMode":{"drawMode":0,"name":"Shaded","section":"Shading Mode"},"sceneLighting":true,"audioPlay":false,"sceneViewState":{"m_AlwaysRefresh":false,"showFog":true,"showSkybox":true,"showFlares":true,"showImageEffects":true,"showParticleSystems":true,"showVisualEffectGraphs":true,"m_FxEnabled":true},"in2DMode":false,"pivot":{"x":-15.850753784179688,"y":-6.574738502502441,"z":1.6060810089111329},"rotation":{"x":-0.14703601598739625,"y":0.7556474208831787,"z":-0.18156354129314423,"w":-0.6119331121444702},"size":12.884594917297364,"orthographic":false}