{"cameraMode":{"drawMode":0,"name":"Shaded","section":"Shading Mode"},"sceneLighting":false,"audioPlay":false,"sceneViewState":{"m_AlwaysRefresh":false,"showFog":true,"showSkybox":false,"showFlares":true,"showImageEffects":true,"showParticleSystems":true,"showVisualEffectGraphs":true,"m_FxEnabled":true},"in2DMode":false,"pivot":{"x":3.1147568225860597,"y":1.896179437637329,"z":-0.9654536843299866},"rotation":{"x":-0.15524856746196748,"y":0.7596230506896973,"z":-0.1955859512090683,"w":-0.6009659171104431},"size":0.000017320508050033823,"orthographic":false}