{"cameraMode":{"drawMode":0,"name":"Shaded","section":"Shading Mode"},"sceneLighting":false,"audioPlay":false,"sceneViewState":{"m_AlwaysRefresh":false,"showFog":true,"showSkybox":false,"showFlares":true,"showImageEffects":true,"showParticleSystems":true,"showVisualEffectGraphs":true,"m_FxEnabled":true},"in2DMode":false,"pivot":{"x":2.2648797035217287,"y":1.2691675424575806,"z":-2.368643045425415},"rotation":{"x":-0.16215220093727113,"y":0.7508822679519653,"z":-0.1993485391139984,"w":-0.6088396310806274},"size":0.000017320508050033823,"orthographic":false}