{"cameraMode":{"drawMode":0,"name":"Shaded","section":"Shading Mode"},"sceneLighting":false,"audioPlay":false,"sceneViewState":{"m_AlwaysRefresh":false,"showFog":true,"showSkybox":false,"showFlares":true,"showImageEffects":true,"showParticleSystems":true,"showVisualEffectGraphs":true,"m_FxEnabled":true},"in2DMode":false,"pivot":{"x":-1.8548612594604493,"y":0.30955079197883608,"z":2.4368462562561037},"rotation":{"x":-0.16629883646965028,"y":-0.6269967555999756,"z":0.13936011493206025,"w":-0.7482025027275086},"size":0.5353273153305054,"orthographic":false}