{"cameraMode":{"drawMode":0,"name":"Shaded","section":"Shading Mode"},"sceneLighting":false,"audioPlay":false,"sceneViewState":{"m_AlwaysRefresh":false,"showFog":true,"showSkybox":false,"showFlares":true,"showImageEffects":true,"showParticleSystems":true,"showVisualEffectGraphs":true,"m_FxEnabled":true},"in2DMode":false,"pivot":{"x":-1.8548612594604493,"y":0.30955079197883608,"z":2.4368462562561037},"rotation":{"x":0.012569424696266652,"y":0.9826886653900147,"z":-0.0726640596985817,"w":0.17000150680541993},"size":0.5353270769119263,"orthographic":false}