{"cameraMode":{"drawMode":0,"name":"Shaded","section":"Shading Mode"},"sceneLighting":true,"audioPlay":false,"sceneViewState":{"m_AlwaysRefresh":false,"showFog":true,"showSkybox":true,"showFlares":true,"showImageEffects":true,"showParticleSystems":true,"showVisualEffectGraphs":true,"m_FxEnabled":true},"in2DMode":false,"pivot":{"x":-0.8393172025680542,"y":-0.5379295349121094,"z":-0.21159115433692933},"rotation":{"x":-0.25853776931762698,"y":0.3842533230781555,"z":-0.11296165734529495,"w":-0.8791130781173706},"size":2.666025161743164,"orthographic":false}