{"cameraMode":{"drawMode":0,"name":"Shaded","section":"Shading Mode"},"sceneLighting":true,"audioPlay":false,"sceneViewState":{"m_AlwaysRefresh":false,"showFog":true,"showSkybox":true,"showFlares":true,"showImageEffects":true,"showParticleSystems":true,"showVisualEffectGraphs":true,"m_FxEnabled":true},"in2DMode":false,"pivot":{"x":0.992030143737793,"y":-15.577933311462403,"z":25.063678741455079},"rotation":{"x":0.21687152981758119,"y":-0.15637245774269105,"z":0.035217806696891788,"w":0.9629940390586853},"size":17.863285064697267,"orthographic":false}