{"cameraMode":{"drawMode":0,"name":"Shaded","section":"Shading Mode"},"sceneLighting":false,"audioPlay":false,"sceneViewState":{"m_AlwaysRefresh":false,"showFog":true,"showSkybox":false,"showFlares":true,"showImageEffects":true,"showParticleSystems":true,"showVisualEffectGraphs":true,"m_FxEnabled":true},"in2DMode":false,"pivot":{"x":-0.6980149149894714,"y":-0.07063861191272736,"z":-1.0929635763168336},"rotation":{"x":0.16126511991024018,"y":-0.4850991666316986,"z":0.09153785556554795,"w":0.8545888662338257},"size":2.2609729766845705,"orthographic":false}