{"cameraMode":{"drawMode":0,"name":"Shaded","section":"Shading Mode"},"sceneLighting":true,"audioPlay":false,"sceneViewState":{"m_AlwaysRefresh":false,"showFog":true,"showSkybox":true,"showFlares":true,"showImageEffects":true,"showParticleSystems":true,"showVisualEffectGraphs":true,"m_FxEnabled":true},"in2DMode":false,"pivot":{"x":-38.98237991333008,"y":-0.21099698543548585,"z":36.9553108215332},"rotation":{"x":0.2305416315793991,"y":-0.19018304347991944,"z":0.046429991722106937,"w":0.9535086154937744},"size":0.8660253882408142,"orthographic":false}