{"cameraMode":{"drawMode":0,"name":"Shaded","section":"Shading Mode"},"sceneLighting":true,"audioPlay":false,"sceneViewState":{"m_AlwaysRefresh":false,"showFog":true,"showSkybox":true,"showFlares":true,"showImageEffects":true,"showParticleSystems":true,"showVisualEffectGraphs":true,"m_FxEnabled":true},"in2DMode":false,"pivot":{"x":-39.43134307861328,"y":0.8867097496986389,"z":35.415931701660159},"rotation":{"x":0.0718502327799797,"y":0.6374601721763611,"z":-0.05940644443035126,"w":0.7655713558197022},"size":1.2160625457763672,"orthographic":false}