{"cameraMode":{"drawMode":0,"name":"Shaded","section":"Shading Mode"},"sceneLighting":true,"audioPlay":false,"sceneViewState":{"m_AlwaysRefresh":false,"showFog":true,"showSkybox":true,"showFlares":true,"showImageEffects":true,"showParticleSystems":true,"showVisualEffectGraphs":true,"m_FxEnabled":true},"in2DMode":false,"pivot":{"x":-16.9372501373291,"y":7.055004119873047,"z":13.517610549926758},"rotation":{"x":-0.006156422197818756,"y":-0.6933844685554504,"z":0.004876184277236462,"w":-0.7213903069496155},"size":12.775869369506836,"orthographic":false}