{"cameraMode":{"drawMode":0,"name":"Shaded","section":"Shading Mode"},"sceneLighting":true,"audioPlay":false,"sceneViewState":{"m_AlwaysRefresh":false,"showFog":true,"showSkybox":true,"showFlares":true,"showImageEffects":true,"showParticleSystems":true,"showVisualEffectGraphs":true,"m_FxEnabled":true},"in2DMode":false,"pivot":{"x":-5.4422783851623539,"y":-1.7408535480499268,"z":-10.655985832214356},"rotation":{"x":-0.031526971608400348,"y":0.9526683688163757,"z":-0.10658857971429825,"w":-0.2851051986217499},"size":10.81197738647461,"orthographic":false}