{"cameraMode":{"drawMode":0,"name":"Shaded","section":"Shading Mode"},"sceneLighting":true,"audioPlay":false,"sceneViewState":{"m_AlwaysRefresh":false,"showFog":true,"showSkybox":true,"showFlares":true,"showImageEffects":true,"showParticleSystems":true,"showVisualEffectGraphs":true,"m_FxEnabled":true},"in2DMode":false,"pivot":{"x":0.24418754875659944,"y":-11.795682907104493,"z":27.54526138305664},"rotation":{"x":0.10261138528585434,"y":0.8369699716567993,"z":-0.16818822920322419,"w":0.5106158256530762},"size":16.92447280883789,"orthographic":false}